ref_chr	query_chr	ref_start	ref_stop	size	SV_type	query_start	query_stop
ref|NC_001133|	RM_chrI	26472	26474	673	contraction	183241	183914
ref|NC_001133|	RM_chrI	27016	230201	203185	transloc	11553	208080
ref|NC_001133|	RM_chrI	160238	166163	5925	deletion_mobile	144756	144761
ref|NC_001133|	RM_chrI	181124	181129	676	insertion_mobile	159718	160394
ref|NC_001133|	RM_chrI	182620	182962	342	deletion_mobile	161885	161888
ref|NC_001133|	RM_chrI	204897	206403	1506	deletion_mobile	183665	183914
ref|NC_001133|	RM_chrI	229350	230120	770	deletion_mobile	206947	208002
ref|NC_001134|	RM_chrII	9092	9429	337	deletion_mobile	10352	10352
ref|NC_001134|	RM_chrII	29643	35603	5960	deletion_mobile	30562	30566
ref|NC_001134|	RM_chrII	35850	36222	372	deletion_mobile	30794	30798
ref|NC_001134|	RM_chrII	221036	226953	5917	deletion_mobile	215517	215521
ref|NC_001134|	RM_chrII	259578	265494	5916	deletion_mobile	248126	248132
ref|NC_001134|	RM_chrII	405576	405579	5967	insertion_mobile	388277	394244
ref|NC_001134|	RM_chrII	643488	643858	370	deletion_mobile	632102	632108
ref|NC_001135|	RM_chrIII	2651	2656	2201	insertion_novel	2864	5065
ref|NC_001135|	RM_chrIII	82700	83037	337	deletion_mobile	85094	85099
ref|NC_001135|	RM_chrIII	84073	90438	327	insertion_mobile	86130	86457
ref|NC_001135|	RM_chrIII	84073	90438	6365	deletion_mobile	86130	86457
ref|NC_001135|	RM_chrIII	84294	84295	225	contraction	291737	291962
ref|NC_001135|	RM_chrIII	90843	90847	342	insertion_mobile	86933	87275
ref|NC_001135|	RM_chrIII	143037	151520	8483	inversion	139473	148293
ref|NC_001135|	RM_chrIII	168600	168934	334	deletion_mobile	165367	165372
ref|NC_001135|	RM_chrIII	169206	169545	339	deletion_mobile	165635	165639
ref|NC_001135|	RM_chrIII	295227	295266	403	insertion_mobile	291628	292031
ref|NC_001136|	RM_chrIV	4	153	149	duplication	273	284
ref|NC_001136|	RM_chrIV	127638	128998	1360	deletion_novel	127563	127565
ref|NC_001136|	RM_chrIV	137861	137866	74	contraction	136357	136431
ref|NC_001136|	RM_chrIV	383958	384228	270	duplication	383222	384095
ref|NC_001136|	RM_chrIV	434422	434740	318	deletion_mobile	434461	434465
ref|NC_001136|	RM_chrIV	435288	435385	97	deletion_novel	434999	435009
ref|NC_001136|	RM_chrIV	437149	437519	370	deletion_mobile	436768	436773
ref|NC_001136|	RM_chrIV	513688	519645	5957	deletion_mobile	512902	512909
ref|NC_001136|	RM_chrIV	530731	535208	4477	deletion_mobile	520690	523983
ref|NC_001136|	RM_chrIV	544681	544802	121	deletion_novel	530153	530153
ref|NC_001136|	RM_chrIV	628742	628875	133	deletion_novel	614174	614179
ref|NC_001136|	RM_chrIV	645501	651420	5919	deletion_mobile	630796	630800
ref|NC_001136|	RM_chrIV	871820	877780	5960	deletion_mobile	853392	853396
ref|NC_001136|	RM_chrIV	878302	884221	5919	deletion_mobile	853911	853915
ref|NC_001136|	RM_chrIV	987119	992706	5587	deletion_mobile	956878	956888
ref|NC_001136|	RM_chrIV	1095766	1101692	5926	deletion_mobile	1059950	1059955
ref|NC_001136|	RM_chrIV	1175739	1175744	332	insertion_mobile	1133995	1134327
ref|NC_001136|	RM_chrIV	1206704	1212622	5918	deletion_mobile	1165288	1165293
ref|NC_001136|	RM_chrIV	1352643	1352976	333	deletion_mobile	1305630	1305634
ref|NC_001136|	RM_chrIV	1461841	1461854	333	insertion_mobile	1414583	1414916
ref|NC_001137|	RM_chrV	6793	6793	1910	insertion_mobile	1579	3489
ref|NC_001137|	RM_chrV	14684	15001	317	deletion_novel	11376	11382
ref|NC_001137|	RM_chrV	135608	135940	332	deletion_mobile	131953	131958
ref|NC_001137|	RM_chrV	207344	207346	344	insertion_mobile	203323	203667
ref|NC_001137|	RM_chrV	249936	250270	334	deletion_mobile	246298	246311
ref|NC_001137|	RM_chrV	431489	431823	334	deletion_mobile	426084	426088
ref|NC_001137|	RM_chrV	443369	449631	6262	deletion_mobile	437624	437628
ref|NC_001137|	RM_chrV	492695	498422	5727	deletion_mobile	480701	480705
ref|NC_001138|	RM_chrVI	4770	30089	11947	insertion_mobile	231	12178
ref|NC_001138|	RM_chrX	12530	30088	17558	transloc	10438	27948
ref|NC_001138|	RM_chrVI	32513	32749	236	deletion_novel	14592	14602
ref|NC_001138|	RM_chrVI	137912	144852	69	insertion_mobile	119855	119924
ref|NC_001138|	RM_chrVI	137912	144852	6940	deletion_mobile	119855	119924
ref|NC_001138|	RM_chrVI	206621	206625	5960	insertion_mobile	181054	187014
ref|NC_001139|	RM_chrVII	73912	73917	341	insertion_mobile	74458	74799
ref|NC_001139|	RM_chrVII	74168	74172	333	insertion_mobile	75062	75395
ref|NC_001139|	RM_chrVII	115287	115291	5960	insertion_mobile	115950	121910
ref|NC_001139|	RM_chrVII	205153	205155	335	insertion_mobile	211719	212054
ref|NC_001139|	RM_chrVII	319063	319067	5960	insertion_mobile	325885	331845
ref|NC_001139|	RM_chrVII	319422	319761	339	deletion_mobile	332198	332204
ref|NC_001139|	RM_chrVII	535210	535543	333	deletion_mobile	550706	550710
ref|NC_001139|	RM_chrVII	535759	541686	5927	deletion_mobile	550919	550923
ref|NC_001139|	RM_chrVII	561752	561755	343	insertion_mobile	571004	571347
ref|NC_001139|	RM_chrVII	561842	567761	5919	deletion_mobile	571433	571437
ref|NC_001139|	RM_chrVII	568741	574701	5960	deletion_mobile	572405	572410
ref|NC_001139|	RM_chrVII	707195	712546	5351	deletion_mobile	704891	704896
ref|NC_001139|	RM_chrVII	793890	793892	139	insertion_novel	786244	786383
ref|NC_001139|	RM_chrVII	811446	823324	11878	deletion_mobile	803948	803953
ref|NC_001139|	RM_chrVII	877194	877220	74	contraction	857763	857837
ref|NC_001139|	RM_chrVII	931170	931541	371	deletion_mobile	911735	911739
ref|NC_001139|	RM_chrVII	1072906	1073108	202	deletion_novel	1053156	1053157
ref|NC_001140|	RM_chrVIII	85385	92128	175	insertion_novel	75625	75800
ref|NC_001140|	RM_chrVIII	85385	92128	6743	deletion_mobile	75625	75800
ref|NC_001140|	RM_chrVIII	133119	133122	341	insertion_mobile	117010	117351
ref|NC_001140|	RM_chrVIII	133581	133585	11587	insertion_mobile	117844	129431
ref|NC_001140|	RM_chrVIII	193546	194078	532	deletion_novel	188660	189391
ref|NC_001140|	RM_chrI	206824	527446	106	insertion_novel	184083	184189
ref|NC_001140|	RM_chrI	207078	527643	121	insertion_mobile	184454	184575
ref|NC_001140|	RM_chrVIII	211575	213213	1638	duplication	207761	207762
ref|NC_001140|	RM_chrVIII	211575	213213	1638	duplication	209397	209398
ref|NC_001140|	RM_chrVIII	211575	213213	1638	duplication	211033	211034
ref|NC_001140|	RM_chrVIII	211575	213213	1638	duplication	212669	212670
ref|NC_001140|	RM_chrVIII	211575	213213	1638	duplication	214305	214306
ref|NC_001140|	RM_chrVIII	211575	213213	1638	duplication	215941	215942
ref|NC_001140|	RM_chrVIII	211575	213213	1638	duplication	217577	217578
ref|NC_001140|	RM_chrVIII	211575	213213	1638	duplication	219213	219214
ref|NC_001140|	RM_chrVIII	213213	214263	1050	deletion_mobile	207761	219905
ref|NC_001140|	RM_chrVIII	213213	214263	12144	insertion_mobile	207761	219905
ref|NC_001140|	RM_chrVIII	214253	214263	1984	contraction	219905	221889
ref|NC_001140|	RM_chrVIII	389007	389012	341	insertion_mobile	394672	395013
ref|NC_001140|	RM_chrVIII	389176	389510	334	deletion_mobile	395178	395182
ref|NC_001140|	RM_chrVIII	389749	389754	332	insertion_mobile	395422	395754
ref|NC_001140|	RM_chrVIII	525463	526226	1171	insertion_mobile	531523	532694
ref|NC_001140|	RM_chrVIII	526593	539927	2108	insertion_mobile	533061	535169
ref|NC_001140|	RM_chrI	527446	562616	35170	transloc	184189	208033
ref|NC_001141|	RM_chrIX	196653	197024	371	deletion_mobile	192671	192676
ref|NC_001141|	RM_chrIX	205208	210651	5443	deletion_mobile	200852	200862
ref|NC_001141|	RM_chrIX	246219	246553	334	deletion_mobile	236418	236422
ref|NC_001141|	RM_chrIX	324396	325732	1336	deletion_mobile	314323	314660
ref|NC_001141|	RM_chrIX	362576	362650	74	deletion_novel	351441	351451
ref|NC_001141|	RM_chrIX	390737	390772	224	insertion_mobile	379415	379639
ref|NC_001141|	RM_chrIX	390772	390778	138	contraction	379639	379777
ref|NC_001141|	RM_chrIX	392253	392855	602	deletion_mobile	381255	382403
ref|NC_001141|	RM_chrIX	392741	392855	534	insertion_mobile	381869	382403
ref|NC_001142|	RM_chrX	24352	30088	1230	insertion_novel	27948	29178
ref|NC_001142|	RM_chrX	24352	729995	705643	transloc	29178	716696
ref|NC_001142|	RM_chrX	197494	204115	453	insertion_mobile	202224	202677
ref|NC_001142|	RM_chrX	197494	204115	6621	deletion_mobile	202224	202677
ref|NC_001142|	RM_chrX	354639	354642	334	insertion_mobile	353190	353524
ref|NC_001142|	RM_chrX	354843	355175	332	deletion_mobile	353722	353727
ref|NC_001142|	RM_chrX	400129	400328	199	duplication	398820	398882
ref|NC_001142|	RM_chrX	472462	483973	11511	deletion_mobile	471215	471219
ref|NC_001142|	RM_chrX	538102	538435	333	deletion_mobile	525382	525386
ref|NC_001142|	RM_chrX	541094	541428	334	deletion_mobile	528012	528016
ref|NC_001142|	RM_chrX	543605	543700	95	deletion_mobile	530188	530190
ref|NC_001142|	RM_chrX	628805	628811	277	insertion_novel	615259	615536
ref|NC_001142|	RM_chrX	729995	745663	13738	insertion_mobile	716696	730434
ref|NC_001143|	RM_chrXI	202643	202984	341	deletion_mobile	209707	209711
ref|NC_001143|	RM_chrXI	311166	311173	98	insertion_novel	317918	318016
ref|NC_001143|	RM_chrXI	313605	313919	314	deletion_mobile	320450	320458
ref|NC_001143|	RM_chrXI	314193	314525	332	deletion_mobile	320719	320724
ref|NC_001143|	RM_chrXI	379666	379670	342	insertion_mobile	385861	386203
ref|NC_001143|	RM_chrXI	389144	389144	187	insertion_novel	395643	395830
ref|NC_001143|	RM_chrXI	457835	457839	5960	insertion_mobile	464512	470472
ref|NC_001143|	RM_chrXI	458139	458472	333	deletion_mobile	470772	470776
ref|NC_001143|	RM_chrXI	517455	517785	330	deletion_mobile	529729	529736
ref|NC_001144|	RM_chrXII	103590	103801	211	duplication	92878	92927
ref|NC_001144|	RM_chrXII	215079	221005	5926	deletion_mobile	204356	204361
ref|NC_001144|	RM_chrXII	451418	453256	1838	duplication	436565	439209
ref|NC_001144|	RM_chrXII	468929	489347	8963	insertion_mobile	456650	465613
ref|NC_001144|	RM_chrXII	468929	489347	20418	deletion_mobile	456650	465613
ref|NC_001144|	RM_chrXII	489480	489753	1064	insertion_mobile	465748	466812
ref|NC_001144|	RM_chrXII	593144	599063	5919	deletion_mobile	570233	570237
ref|NC_001144|	RM_chrXII	605669	605674	5959	insertion_mobile	576851	582810
ref|NC_001144|	RM_chrXII	650823	656744	5921	deletion_mobile	627966	627970
ref|NC_001144|	RM_chrXII	687944	687947	341	insertion_mobile	659141	659482
ref|NC_001144|	RM_chrXII	731667	732001	334	deletion_mobile	703144	703148
ref|NC_001144|	RM_chrXII	734514	734519	332	insertion_mobile	705663	705995
ref|NC_001144|	RM_chrXII	793752	793756	333	insertion_mobile	765134	765467
ref|NC_001144|	RM_chrXII	818474	818490	690	insertion_mobile	790187	790877
ref|NC_001144|	RM_chrXII	941191	947151	5960	deletion_mobile	913536	913540
ref|NC_001144|	RM_chrXII	976257	981369	5112	deletion_mobile	942640	942786
ref|NC_001144|	RM_chrXII	1052239	1052243	324	insertion_mobile	1013684	1014008
ref|NC_001145|	RM_chrXIII	168348	168682	334	deletion_mobile	163321	163325
ref|NC_001145|	RM_chrXIII	183989	190084	542	insertion_mobile	178643	179185
ref|NC_001145|	RM_chrXIII	183989	190084	6095	deletion_mobile	178643	179185
ref|NC_001145|	RM_chrXIII	196331	202186	75	insertion_mobile	185451	185526
ref|NC_001145|	RM_chrXIII	196331	202186	5855	deletion_mobile	185451	185526
ref|NC_001145|	RM_chrXIII	357005	362918	5913	deletion_mobile	340379	340385
ref|NC_001145|	RM_chrXIII	372699	378622	5923	deletion_mobile	350138	350146
ref|NC_001145|	RM_chrXIII	480881	480884	334	insertion_mobile	452375	452709
ref|NC_001145|	RM_chrXIII	503770	504141	371	deletion_mobile	475586	475591
ref|NC_001145|	RM_chrXIII	504879	504883	342	insertion_mobile	476328	476670
ref|NC_001145|	RM_chrXIII	512864	512867	129	insertion_novel	484661	484790
ref|NC_001145|	RM_chrXIII	609802	609860	419	insertion_mobile	581764	582183
ref|NC_001145|	RM_chrXIII	768038	768099	61	duplication	740445	740452
ref|NC_001145|	RM_chrXIII	768453	768458	341	insertion_mobile	740865	741206
ref|NC_001145|	RM_chrXIII	768547	768880	333	deletion_mobile	741296	741300
ref|NC_001145|	RM_chrXIII	837680	837684	5959	insertion_mobile	810096	816055
ref|NC_001145|	RM_chrXIII	917889	917891	12879	insertion_mobile	896102	908981
ref|NC_001146|	RM_chrXIV	6696	6723	5793	insertion_mobile	426	6219
ref|NC_001146|	RM_chrXIV	96492	96496	5960	insertion_mobile	96038	101998
ref|NC_001146|	RM_chrXIV	96609	102549	87	insertion_mobile	102115	102202
ref|NC_001146|	RM_chrXIV	96609	102549	5940	deletion_mobile	102115	102202
ref|NC_001146|	RM_chrXIV	181078	181078	16925	insertion_novel	180721	197646
ref|NC_001146|	RM_chrXIV	503833	503940	107	deletion_novel	520394	520398
ref|NC_001146|	RM_chrXIV	519162	525063	5901	deletion_mobile	535606	535610
ref|NC_001146|	RM_chrXIV	546737	547075	338	deletion_mobile	557265	557272
ref|NC_001146|	RM_chrXIV	561606	567993	6387	deletion_mobile	571816	571862
ref|NC_001146|	RM_chrXIV	574070	598160	24090	inversion	577968	602055
ref|NC_001146|	RM_chrXIV	632326	632328	335	insertion_mobile	636263	636598
ref|NC_001147|	RM_chrXV	29598	29681	83	duplication	20266	20271
ref|NC_001147|	RM_chrXV	30956	31039	83	duplication	21659	21678
ref|NC_001147|	RM_chrXV	117702	123630	5928	deletion_mobile	108405	108408
ref|NC_001147|	RM_chrXV	385209	385209	131	insertion_novel	370135	370266
ref|NC_001147|	RM_chrXV	462774	462778	333	insertion_mobile	447827	448160
ref|NC_001147|	RM_chrXV	487424	487428	342	insertion_mobile	472833	473175
ref|NC_001147|	RM_chrXV	594820	600734	5914	deletion_mobile	580530	580535
ref|NC_001147|	RM_chrXV	703772	710109	6337	deletion_mobile	683570	683574
ref|NC_001147|	RM_chrXV	854276	854616	340	deletion_mobile	827730	827735
ref|NC_001147|	RM_chrXV	970285	976260	374	insertion_mobile	943439	943813
ref|NC_001147|	RM_chrXV	970285	976260	5975	deletion_mobile	943439	943813
ref|NC_001147|	RM_chrXV	976377	976408	315	insertion_mobile	943964	944279
ref|NC_001147|	RM_chrXV	980259	980583	324	deletion_mobile	948146	948161
ref|NC_001147|	RM_chrXV	1073327	1087613	14286	deletion_mobile	1040881	1053036
ref|NC_001148|	RM_chrXVI	56788	62717	5929	deletion_mobile	58295	58584
ref|NC_001148|	RM_chrXVI	211576	211907	331	deletion_mobile	207095	207101
ref|NC_001148|	RM_chrXVI	436486	443132	6646	deletion_mobile	431700	431704
ref|NC_001148|	RM_chrXVI	572158	572163	5959	insertion_mobile	560727	566686
ref|NC_001148|	RM_chrXVI	804645	810563	5918	deletion_mobile	799220	799225
ref|NC_001148|	RM_chrXVI	844412	850340	5928	deletion_mobile	833053	833059
ref|NC_001148|	RM_chrXVI	850637	856555	5918	deletion_mobile	833337	833350
ref|NC_001148|	RM_chrXVI	927358	927529	171	deletion_novel	904138	904146
